n,density,r,q,mode,rep,search_ms,challenge_ms,server_ms,verify_ms,total_ms,payload_bytes,aggregate_bytes
1024,0.1,13,64,cold_composition,1,0.023,0.4213,0.5842,0.2008,1.2293000000000003,8136,640
1024,0.1,13,64,cold_composition,2,0.0186,0.3772,0.5732,0.304,1.2730000000000001,8136,640
1024,0.1,13,64,cold_composition,3,0.0224,0.4124,0.5889,0.1984,1.2220999999999997,8136,640
1024,0.1,13,64,cold_composition,4,0.0181,0.3845,0.5918,0.1957,1.1901,8136,640
1024,0.1,13,64,cold_composition,5,0.0175,0.3884,0.8083,0.4184,1.6326,8136,640
1024,0.1,13,64,cached_composition,1,0.0045,0.4011,0.6071,0.203,1.2157,7752,640
1024,0.1,13,64,cached_composition,2,0.003,0.3902,0.6004,0.2047,1.1983000000000001,7752,640
1024,0.1,13,64,cached_composition,3,0.0026,0.3833,0.6024,0.2312,1.2195,7752,640
1024,0.1,13,64,cached_composition,4,0.0032,0.407,0.6027,0.2031,1.216,7752,640
1024,0.1,13,64,cached_composition,5,0.0028,0.4277,0.6025,0.2098,1.2428000000000001,7752,640
1024,0.1,13,256,cold_composition,1,0.024,0.9248,2.3393,0.7652,4.0533,17352,640
1024,0.1,13,256,cold_composition,2,0.0439,0.824,2.2635,1.0617,4.1931,17352,640
1024,0.1,13,256,cold_composition,3,0.0248,1.0724,2.2892,0.8141,4.2005,17352,640
1024,0.1,13,256,cold_composition,4,0.0221,0.838,2.564,0.824,4.2481,17352,640
1024,0.1,13,256,cold_composition,5,0.0207,0.924,2.4382,0.7631,4.146,17352,640
1024,0.1,13,256,cached_composition,1,0.0035,0.8192,2.819,0.8082,4.4499,16968,640
1024,0.1,13,256,cached_composition,2,0.0059,0.8771,2.3987,0.7524,4.0341,16968,640
1024,0.1,13,256,cached_composition,3,0.0039,0.794,2.2861,0.7621,3.8461,16968,640
1024,0.1,13,256,cached_composition,4,0.0029,1.0221,2.6455,0.7631,4.4336,16968,640
1024,0.1,13,256,cached_composition,5,0.0047,0.8226,2.3066,0.758,3.8919,16968,640
1024,0.5,250,64,cold_composition,1,0.0208,0.9678,0.893,0.2691,2.1507,16536,640
1024,0.5,250,64,cold_composition,2,0.0246,1.2218,0.6499,0.2321,2.1284,15608,640
1024,0.5,250,64,cold_composition,3,0.0242,0.8602,0.645,0.2056,1.7349999999999999,15504,640
1024,0.5,250,64,cold_composition,4,0.0233,0.9389,0.6068,0.2144,1.7833999999999999,15864,640
1024,0.5,250,64,cold_composition,5,0.0227,0.8664,0.6087,0.2044,1.7022,15880,640
1024,0.5,250,64,cached_composition,1,0.0046,1.0283,0.7302,0.2184,1.9814999999999998,15040,640
1024,0.5,250,64,cached_composition,2,0.0047,0.9088,0.6597,0.2293,1.8025,15264,640
1024,0.5,250,64,cached_composition,3,0.0037,0.9419,0.6626,0.213,1.8212000000000002,15008,640
1024,0.5,250,64,cached_composition,4,0.0039,0.9419,0.6878,0.203,1.8366,15520,640
1024,0.5,250,64,cached_composition,5,0.0031,0.9277,0.6391,0.2172,1.7871000000000001,15568,640
1024,0.5,250,256,cold_composition,1,0.0251,2.069,2.4749,0.9733,5.5423,37240,640
1024,0.5,250,256,cold_composition,2,0.0277,2.1062,2.5458,0.8011,5.4807999999999995,36752,640
1024,0.5,250,256,cold_composition,3,0.0239,1.9371,2.8428,1.1854,5.9892,36712,640
1024,0.5,250,256,cold_composition,4,0.0274,2.0167,2.4204,0.7863,5.2508,37496,640
1024,0.5,250,256,cold_composition,5,0.0208,2.0481,2.5431,0.7739,5.3859,36848,640
1024,0.5,250,256,cached_composition,1,0.0046,2.0141,2.4524,0.7951,5.2661999999999995,36384,640
1024,0.5,250,256,cached_composition,2,0.0339,2.006,2.4435,0.7662,5.249599999999999,37144,640
1024,0.5,250,256,cached_composition,3,0.0044,2.2069,2.4057,0.8101,5.4271,36056,640
1024,0.5,250,256,cached_composition,4,0.0047,1.8953,2.3587,0.8712,5.129899999999999,36056,640
1024,0.5,250,256,cached_composition,5,0.0076,2.4388,2.4975,0.8312,5.7751,37032,640
4096,0.1,28,64,cold_composition,1,0.0564,0.8284,0.6313,0.2182,1.7343,13840,640
4096,0.1,28,64,cold_composition,2,0.0607,0.7222,0.6047,0.2006,1.5882,14064,640
4096,0.1,28,64,cold_composition,3,0.0564,0.6831,0.6102,0.2009,1.5506,13840,640
4096,0.1,28,64,cold_composition,4,0.0554,0.6607,0.7479,0.2264,1.6904,13352,640
4096,0.1,28,64,cold_composition,5,0.0618,0.7125,0.6711,0.2074,1.6528,13616,640
4096,0.1,28,64,cached_composition,1,0.0036,0.6577,0.5854,0.259,1.5057,12040,640
4096,0.1,28,64,cached_composition,2,0.0036,0.7841,0.6875,0.2092,1.6844000000000001,12304,640
4096,0.1,28,64,cached_composition,3,0.003,0.6462,0.5902,0.2024,1.4417999999999997,11816,640
4096,0.1,28,64,cached_composition,4,0.003,0.7042,0.7607,0.3025,1.7704000000000002,12608,640
4096,0.1,28,64,cached_composition,5,0.007,0.807,0.7557,0.2147,1.7844000000000002,11472,640
4096,0.1,28,256,cold_composition,1,0.0572,1.1357,2.6002,0.9431,4.7362,23624,640
4096,0.1,28,256,cold_composition,2,0.1191,1.2571,2.5114,0.8173,4.7049,23624,640
4096,0.1,28,256,cold_composition,3,0.0641,1.4528,2.3372,0.9283,4.7824,23624,640
4096,0.1,28,256,cold_composition,4,0.0615,1.3485,2.3776,0.7569,4.5445,23624,640
4096,0.1,28,256,cold_composition,5,0.0602,1.1231,2.3321,0.766,4.2814,23624,640
4096,0.1,28,256,cached_composition,1,0.0048,1.1643,2.3165,0.8245,4.3101,22088,640
4096,0.1,28,256,cached_composition,2,0.0045,1.291,2.7634,0.7871,4.845999999999999,22088,640
4096,0.1,28,256,cached_composition,3,0.005,1.1526,2.3411,0.7638,4.2625,22088,640
4096,0.1,28,256,cached_composition,4,0.004,1.3293,2.8978,0.8102,5.0413,22088,640
4096,0.1,28,256,cached_composition,5,0.006,1.2912,2.4736,0.767,4.5378,22088,640
4096,0.5,1003,64,cold_composition,1,0.0572,1.4243,0.9069,0.2243,2.6127,22872,640
4096,0.5,1003,64,cold_composition,2,0.0618,1.3997,0.6182,0.2097,2.2893999999999997,22304,640
4096,0.5,1003,64,cold_composition,3,0.0596,1.356,0.6656,0.2024,2.2836,22208,640
4096,0.5,1003,64,cold_composition,4,0.0553,1.3559,0.6112,0.2062,2.2286,22888,640
4096,0.5,1003,64,cold_composition,5,0.0624,1.3462,1.1579,0.2366,2.8031,22248,640
4096,0.5,1003,64,cached_composition,1,0.0035,1.3082,0.6164,0.2048,2.1329000000000002,20160,640
4096,0.5,1003,64,cached_composition,2,0.0033,1.3418,0.6159,0.2052,2.1662000000000003,20800,640
4096,0.5,1003,64,cached_composition,3,0.0032,1.3365,0.6166,0.423,2.3793,21008,640
4096,0.5,1003,64,cached_composition,4,0.0118,1.4424,0.6166,0.2091,2.2799,20648,640
4096,0.5,1003,64,cached_composition,5,0.0044,1.2881,0.6128,0.2011,2.1064,20272,640
4096,0.5,1003,256,cold_composition,1,0.0658,3.3579,2.4175,0.7742,6.615399999999999,59392,640
4096,0.5,1003,256,cold_composition,2,0.0566,4.2896,2.4014,0.781,7.5286,61416,640
4096,0.5,1003,256,cold_composition,3,0.0575,4.1713,2.5065,0.8003,7.5356,60064,640
4096,0.5,1003,256,cold_composition,4,0.0591,3.5455,2.6797,0.8541,7.1384,59448,640
4096,0.5,1003,256,cold_composition,5,0.0639,3.7212,2.5257,0.7965,7.1073,59728,640
4096,0.5,1003,256,cached_composition,1,0.0047,3.4642,2.5418,0.7831,6.7938,57680,640
4096,0.5,1003,256,cached_composition,2,0.0049,3.474,2.5802,0.8057,6.864800000000001,58360,640
4096,0.5,1003,256,cached_composition,3,0.0051,3.5164,2.5159,0.836,6.8734,59168,640
4096,0.5,1003,256,cached_composition,4,0.0042,4.1078,2.5552,0.7769,7.444100000000001,58456,640
4096,0.5,1003,256,cached_composition,5,0.0043,3.4898,2.7239,0.7777,6.9957,59488,640
16384,0.1,170,64,cold_composition,1,0.2043,1.3913,0.6231,0.2039,2.4226,28488,640
16384,0.1,170,64,cold_composition,2,0.1947,1.483,0.6605,0.2815,2.6197,30184,640
16384,0.1,170,64,cold_composition,3,0.3516,1.6686,0.627,0.208,2.8552,30208,640
16384,0.1,170,64,cold_composition,4,0.1952,1.8405,0.633,0.2097,2.8784,29296,640
16384,0.1,170,64,cold_composition,5,0.1941,1.4036,0.6124,0.2001,2.4101999999999997,29432,640
16384,0.1,170,64,cached_composition,1,0.0055,1.5207,0.6376,0.2056,2.3694,23760,640
16384,0.1,170,64,cached_composition,2,0.0043,1.5548,0.6591,0.2109,2.4291,24656,640
16384,0.1,170,64,cached_composition,3,0.004,1.4496,0.6269,0.2028,2.2832999999999997,22992,640
16384,0.1,170,64,cached_composition,4,0.0038,1.6166,0.7473,0.2232,2.5909,23096,640
16384,0.1,170,64,cached_composition,5,0.0059,1.5454,0.655,0.2182,2.4245,23664,640
16384,0.1,170,256,cold_composition,1,0.205,3.7878,2.4667,0.7857,7.2452000000000005,60320,640
16384,0.1,170,256,cold_composition,2,0.2203,3.8115,2.4703,0.7847,7.2868,59952,640
16384,0.1,170,256,cold_composition,3,0.2004,3.1838,2.9126,0.7759,7.0727,60448,640
16384,0.1,170,256,cold_composition,4,0.2569,3.2253,2.5039,0.76,6.746099999999999,61512,640
16384,0.1,170,256,cold_composition,5,0.1962,3.4295,2.6526,0.7793,7.0576,62208,640
16384,0.1,170,256,cached_composition,1,0.0053,3.0012,2.4042,0.8217,6.2324,51872,640
16384,0.1,170,256,cached_composition,2,0.0072,4.036,2.737,0.8277,7.6079,54016,640
16384,0.1,170,256,cached_composition,3,0.0055,3.4943,2.5973,0.7889,6.886,54096,640
16384,0.1,170,256,cached_composition,4,0.0055,3.5067,2.4774,1.0348,7.024399999999999,53992,640
16384,0.1,170,256,cached_composition,5,0.0072,3.2577,2.5346,0.7868,6.5863000000000005,55560,640
16384,0.5,4151,64,cold_composition,1,0.1998,2.2159,0.6926,0.4368,3.5451,32216,640
16384,0.5,4151,64,cold_composition,2,0.2022,2.2644,0.649,0.2093,3.3249,32056,640
16384,0.5,4151,64,cold_composition,3,0.2022,2.1574,0.8744,0.2171,3.4511,32216,640
16384,0.5,4151,64,cold_composition,4,0.1983,2.5231,0.7899,0.2114,3.7227,32936,640
16384,0.5,4151,64,cold_composition,5,0.1981,2.1526,0.6515,0.2091,3.2113,31696,640
16384,0.5,4151,64,cached_composition,1,0.0121,2.1958,0.6428,0.2048,3.0555000000000008,25312,640
16384,0.5,4151,64,cached_composition,2,0.0053,2.1966,0.6447,0.2071,3.0537000000000005,26496,640
16384,0.5,4151,64,cached_composition,3,0.0044,2.1522,0.8575,0.2148,3.2289,25648,640
16384,0.5,4151,64,cached_composition,4,0.0052,2.1744,0.6269,0.2059,3.0124,26216,640
16384,0.5,4151,64,cached_composition,5,0.0045,2.0751,0.6294,0.2023,2.9113,25792,640
16384,0.5,4151,256,cold_composition,1,0.2014,5.9851,2.8185,0.7685,9.773499999999999,86240,640
16384,0.5,4151,256,cold_composition,2,0.2039,5.7562,2.5432,0.7962,9.2995,85840,640
16384,0.5,4151,256,cold_composition,3,0.1992,5.9217,2.5616,0.7854,9.4679,87544,640
16384,0.5,4151,256,cold_composition,4,0.2008,6.404,2.6524,0.7786,10.035800000000002,87480,640
16384,0.5,4151,256,cold_composition,5,0.1965,5.8565,2.5772,0.7614,9.3916,86952,640
16384,0.5,4151,256,cached_composition,1,0.0047,5.8696,2.8955,1.0609,9.8307,80568,640
16384,0.5,4151,256,cached_composition,2,0.007,5.7423,2.5903,0.783,9.1226,79968,640
16384,0.5,4151,256,cached_composition,3,0.0049,6.0088,2.577,0.7908,9.381499999999999,80568,640
16384,0.5,4151,256,cached_composition,4,0.0049,6.3112,2.5409,1.0353,9.8923,82504,640
16384,0.5,4151,256,cached_composition,5,0.0076,6.1761,2.6464,0.8739,9.704,78352,640
